,Ana,Eth,Glu,Nit
FLC2,0,2,1,0
CYS3,0,1,1,0
EFB1,1,1,1,0
YAT1,1,1,0,0
PHO11,0,1,0,0
ACS1,0,2,1,0
SSA1,1,1,1,0
PEX2,0,1,0,0
PRP21,0,0,1,0
ECM25,0,0,1,0
RPL39,0,1,0,0
ERG20,1,1,1,0
DAS1,1,2,2,0
IDS2,0,1,1,0
RPB4,1,1,1,1
MRS3,1,2,2,0
YJL118W,1,1,1,0
PHO86,1,1,1,0
ASF1,1,1,1,0
LSB6,0,1,1,0
ARG3,0,1,0,0
NET1,0,1,1,0
LOG1,0,0,1,0
TDH1,1,2,2,0
CHM7,0,1,1,0
YJL045W,0,0,1,0
MHP1,1,2,1,0
RNR2,2,2,2,0
MPP10,1,1,1,0
MHO1,0,2,2,0
TMA22,0,1,1,0
YJR015W,0,1,1,0
CYC1,1,1,1,0
PTK2,0,1,1,0
MOG1,2,2,2,2
HOC1,2,2,2,2
BNA2,1,1,1,0
RPL43B,0,1,1,0
SFC1,0,1,1,0
URA8,0,1,1,0
ADO1,1,1,1,1
YJR115W,1,1,3,0
TDA4,0,0,1,0
ATP2,0,1,1,0
IBA57,0,1,1,0
XPT1,0,1,1,0
IML1,0,1,1,0
HMS2,1,1,1,1
BAT2,0,1,0,0
OPT1,0,1,0,0
NUC1,0,0,1,0
RPS22A,0,1,0,0
SET2,1,1,1,0
CIS3,1,1,1,0
INO1,1,2,2,1
SNA3,2,3,3,1
MRX5,0,1,1,0
YAK1,1,1,1,1
DPI8,1,2,2,0
NCA3,1,1,1,0
GSH1,0,1,1,0
GWT1,1,1,1,0
PRY3,0,1,1,0
ZAP1,0,0,1,0
UBX6,1,1,1,1
YJL047C-A,1,1,1,1
GYP6,0,1,0,0
VPS53,1,1,1,0
VTC4,0,1,1,0
ESS1,0,1,1,0
TES1,0,3,1,0
REC107,0,1,0,0
ANB1,1,1,1,0
APS2,0,1,1,0
NPA3,2,2,2,2
OPI3,2,2,2,2
MIR1,1,1,1,0
VPS25,0,1,1,0
SOD1,1,1,1,1
RSM7,1,1,3,0
RSF2,1,1,1,1
MET5,0,1,1,0
HOM6,0,1,0,0
RPS4A,1,1,1,1
DAN1,1,0,0,0
JEN1,0,1,1,0
UBA1,0,0,1,0
FAS1,4,3,3,3
PIR3,0,1,1,0
LTV1,1,1,1,0
YPK1,0,1,1,0
OAC1,1,1,1,0
CWP2,2,2,2,1
CWP1,0,1,1,0
SRX1,0,1,1,0
MDH1,0,1,1,0
TEF4,1,1,1,0
YKL068W-A,1,2,2,1
MSN4,1,2,2,0
MMO1,1,1,2,1
PHD1,0,0,1,0
RGT1,1,1,1,0
UGP1,0,1,1,0
CAP1,0,0,1,0
PRY2,0,1,1,0
GAP1,0,2,1,0
YKR041W,1,1,1,0
UTH1,1,1,1,0
PTR2,1,1,1,0
PCC1,0,1,1,0
ESL2,0,1,1,0
SIR1,0,0,1,0
TRP3,0,0,1,0
MNN4,0,2,2,0
PTK1,0,1,0,0
FAT3,0,2,0,0
MTR2,0,1,0,0
PIR1,0,1,1,0
RPC25,1,1,1,0
PMU1,0,1,1,0
RRP14,1,1,1,0
YKL063C,0,1,1,0
FBA1,0,1,1,0
IXR1,1,1,1,0
URB1,1,1,1,0
LAC1,0,0,1,0
YKR011C,0,1,1,0
SKG1,0,0,1,0
YLL058W,0,1,2,0
YCT1,0,1,1,0
TPO1,1,1,1,0
PAU17,0,1,1,0
LOT6,1,1,1,0
PSR2,0,1,1,0
RPS0B,0,1,0,0
GEP5,1,1,1,0
SUL2,1,1,1,0
MIM2,0,1,1,0
ERG27,0,1,1,0
AHP1,1,1,1,1
YLR112W,2,3,3,1
HOG1,2,3,3,1
CKI1,1,1,1,1
RRN5,1,1,1,1
PUT1,1,1,1,1
RPL37A,0,1,0,0
PEX13,0,1,1,0
ENT2,0,1,1,0
THI7,0,2,2,0
YEF3,1,0,1,0
MCP2,0,1,1,0
YLR257W,0,1,1,0
GSY2,0,1,1,0
YLR283W,1,2,1,1
YLR297W,0,1,1,0
ECM38,1,1,1,0
EXG1,1,2,2,0
MET17,0,1,1,0
MRPL15,0,1,1,0
YLR326W,0,1,0,0
NMA1,0,1,1,0
NUP2,0,1,1,0
FKS1,1,1,1,0
LUG1,2,2,2,0
ATG33,0,2,1,0
RSC2,0,1,0,0
ROM2,0,1,1,0
STP3,0,1,1,0
CSR1,1,2,2,0
VAC14,0,1,1,0
RPS29A,0,1,1,0
ECM19,0,0,1,0
CCW14,0,0,1,0
SFP1,0,2,1,0
YLR407W,1,1,1,0
VPS36,0,2,1,0
CAR2,1,2,2,0
RPL6B,2,2,2,0
GTT2,0,0,1,0
AQY2,0,1,1,0
UBI4,1,1,1,0
KNS1,0,1,1,0
COX19,0,1,1,0
DPS1,0,1,1,0
TEN1,1,1,1,0
POM34,0,1,1,0
IZH3,0,2,2,0
SMF3,1,1,1,1
PDC1,0,1,1,0
MEF1,0,1,1,0
RFU1,0,1,0,0
NYV1,1,0,0,0
GIS3,0,1,1,0
ICT1,0,1,1,0
YLR108C,1,1,1,1
CCW12,2,2,2,1
USB1,1,1,1,1
SLS1,1,1,1,1
YLR152C,0,1,1,0
ACS2,0,2,1,0
RNH203,0,2,1,0
UPS2,1,1,1,1
APS1,1,1,1,1
TOS4,0,1,0,0
HMX1,0,1,1,0
ADY4,0,0,1,0
ECM22,0,1,0,0
YLR278C,1,2,1,1
RSO55,1,2,1,1
YHC1,1,1,1,0
ATG39,0,1,1,0
TMA10,0,2,1,0
RPS25B,0,1,1,0
CIS1,0,1,1,0
KAP95,0,1,1,0
NIT3,1,1,1,0
TAL1,0,1,1,0
ILV5,0,1,1,0
ARC18,0,1,1,0
VID22,0,1,1,0
FBP1,0,1,1,0
SEC61,1,2,2,0
IKI3,0,1,1,0
SWC7,0,1,1,0
REH1,0,1,1,0
STE23,0,0,1,0
BDF1,0,1,1,0
DUS3,0,2,1,0
RPL31B,1,1,1,0
PUN1,0,2,1,0
ECM30,0,1,1,0
DIF1,1,2,2,0
VMA6,2,2,2,0
YLR460C,0,1,1,0
GTR1,1,1,1,0
YML119W,0,1,0,0
URA5,0,0,1,0
CAC2,0,1,0,0
TSL1,0,1,1,0
UFO1,1,1,1,0
RPS1B,0,1,0,0
SUR7,0,1,1,0
TSA1,0,1,1,0
YOX1,0,1,1,0
PSP2,1,1,1,0
YAP1,0,1,1,0
ADI1,1,1,2,0
ANY1,1,1,1,0
HXT2,0,2,2,0
RSF1,1,1,1,1
ARG80,0,2,2,0
MCM1,0,2,2,0
NAT4,2,2,2,2
MOT3,2,2,2,2
ADH3,1,1,1,0
SEG1,0,1,0,0
SPG4,0,3,2,0
ILV2,0,1,1,0
NCW1,0,1,1,0
PKR1,0,1,1,0
GAT2,1,1,1,1
CIN4,0,1,1,0
RIM11,0,1,1,0
RPS16A,1,1,1,0
DDR48,0,0,1,0
HSC82,1,1,1,1
SPG5,0,1,1,0
ICY1,2,3,2,0
CLN1,1,1,1,0
YHM2,1,1,1,0
FAA4,1,2,2,0
HOR7,1,1,1,1
SAP30,0,1,1,0
CUE1,0,1,1,0
RSN1,0,1,1,0
PRC1,0,1,1,0
GAS1,1,1,1,0
PHO84,1,1,1,0
NDI1,0,1,0,0
PML39,0,0,1,0
NUP188,0,1,0,0
CUE4,0,1,1,0
RPM2,1,1,1,0
HMG1,1,1,1,1
TEM1,0,1,0,0
CYB2,1,2,2,1
YML053C,0,1,1,0
YML018C,1,1,1,0
MRPL39,0,2,1,0
ERG6,0,1,1,0
GIS4,1,2,2,1
PLB1,1,1,1,0
ERG5,2,2,2,1
SOK2,1,1,1,0
FAR8,1,1,1,1
MSN2,0,1,1,0
CCS1,0,1,1,0
ISF1,0,1,1,0
RPL15B,0,1,1,0
GID8,1,1,1,1
PSO2,0,1,1,0
RPL13B,1,1,1,0
NDE1,0,2,2,0
SGS1,0,1,1,0
CMC4,2,3,2,0
RNT1,0,1,1,0
CUS1,1,1,1,0
RPL20A,0,1,1,0
COA6,1,1,1,0
YMR265C,0,1,1,0
AEP2,0,0,1,0
RIT1,0,1,1,0
LCB1,0,1,1,0
YME2,1,1,1,0
FET4,0,1,1,0
MRPS18,0,1,1,0
PCL1,1,1,1,1
POP3,0,1,0,0
HCH1,0,1,0,0
MET2,0,1,1,0
FOL1,0,1,1,0
VPS75,0,1,1,0
ADE12,0,1,0,0
YNL208W,1,1,1,0
YNL193W,0,1,1,0
CHS1,1,1,1,0
UBP10,1,1,1,0
RPS3,1,2,2,2
RPL42A,0,1,1,0
YGP1,0,2,1,0
CUZ1,0,1,1,0
LSM7,1,2,2,1
MFA2,1,0,1,0
KRE33,0,1,1,0
NRK1,1,1,1,1
DMA2,0,0,0,1
MET4,1,3,2,0
AVT4,1,1,1,1
RHO2,1,1,1,0
SUN4,0,1,1,0
AQR1,0,1,1,0
COX5A,0,2,1,0
COG5,0,1,0,0
YNL046W,0,0,1,0
LAP2,0,0,1,0
YIP3,2,1,2,0
NCE103,0,1,1,0
HHF2,1,1,1,0
PBI2,1,1,1,1
SWM2,0,1,1,0
CSE2,0,1,1,0
TIM23,1,3,3,1
MCK1,0,1,1,0
RPS19B,0,1,0,0
WSC2,0,1,0,0
SIP3,0,1,1,0
ZWF1,0,1,1,0
PDR16,0,2,2,0
POP1,0,1,0,0
YNL194C,0,1,1,0
RHO5,1,1,1,1
NOP13,1,1,1,0
PSD1,1,2,1,1
FMP41,0,1,0,0
NSG2,0,1,1,0
PGA2,1,2,2,1
ALF1,1,2,2,1
YNL144C,0,2,2,0
YNL134C,0,1,1,0
FYV6,0,2,2,0
CPT1,1,1,1,1
ESBP6,0,1,1,0
LEU4,1,3,2,0
RAS2,0,1,1,1
PHO23,0,1,1,0
RPS7B,0,1,0,0
EOS1,1,1,1,0
TPM1,1,1,1,0
POR1,1,2,1,0
SLM2,0,0,1,0
IDH1,0,1,1,0
HHT2,1,1,1,0
ATO2,0,1,0,0
RPC34,0,1,1,0
ACC1,1,3,3,1
BDS1,0,1,1,0
ZPS1,0,1,1,0
RPL25,0,0,1,0
HRP1,0,1,0,0
SHR5,1,3,4,0
ZEO1,1,3,3,0
YOL107W,0,1,1,0
PHM7,0,1,1,0
IRA2,0,1,0,0
GPD2,1,1,1,0
ARG1,1,2,2,1
RPP2A,1,1,0,0
SMC5,0,1,1,0
LAG2,0,1,1,0
TAT2,0,1,1,0
YOL019W,0,1,1,0
PLB3,1,2,2,0
RCL1,1,1,1,0
AUS1,0,0,1,0
MCO10,0,1,1,0
HST3,1,1,1,0
IRC23,0,0,1,0
RPL3,1,1,1,0
CYT1,0,1,1,0
TMA46,0,1,1,0
ECM3,1,2,2,0
KTR1,1,0,1,0
RAS1,0,1,1,0
RGS2,1,2,2,0
DPI34,0,0,1,0
IDH2,0,1,1,0
PDR5,1,1,1,0
DDP1,1,1,1,0
HEM15,1,1,1,0
STE4,0,2,2,0
WTM1,1,1,1,1
IRC13,1,2,2,1
SRL1,0,1,1,0
PAC1,0,2,1,0
MOD5,1,1,1,1
YOR289W,0,0,1,0
BUD7,0,2,0,0
CPA1,1,2,1,0
SFG1,1,1,1,0
FAA1,2,2,2,2
HSH49,2,2,2,1
GDS1,1,1,1,0
ALD4,0,1,1,0
YOR385W,1,1,1,1
YGK3,0,0,1,0
TRM11,0,1,0,0
MDY2,1,3,4,0
INO4,0,1,1,0
ADH1,1,0,0,0
MAM3,1,1,1,0
DDR2,0,2,1,0
RPS15,1,1,0,0
MDM38,0,1,1,0
MIM1,0,1,1,0
DIS3,0,1,1,0
HTZ1,1,2,2,0
CSI2,0,1,0,0
SLG1,0,0,1,0
HSP10,0,1,1,0
AHC1,1,1,1,0
CIN5,0,1,1,0
YOR062C,1,1,1,0
YNG1,0,1,1,0
NRT1,0,1,1,0
RKI1,0,1,0,0
NUP1,1,0,1,0
CRC1,0,1,1,0
ATG40,1,1,1,0
PNS1,0,1,1,0
YRR1,1,1,1,0
ALE1,1,1,1,0
GSP2,0,1,1,0
MGM1,0,2,2,0
RPL33B,1,2,2,1
DGA1,0,1,0,0
ENV9,0,2,1,0
SEC63,0,0,1,0
HRK1,0,2,1,0
TPO4,1,1,1,1
MPD1,0,0,1,0
MBF1,0,2,0,0
RPL20B,0,1,1,0
SPS4,1,1,1,0
COT1,1,2,1,0
YOR342C,1,1,1,1
PUT4,1,1,1,0
GDH1,1,2,1,1
SAM3,1,1,1,0
ATP15,1,1,1,0
MDL2,1,1,1,0
BBP1,0,1,0,0
HFI1,1,1,1,0
NSL1,0,1,1,0
SSO1,0,1,1,0
FAS2,2,1,2,1
USV1,0,2,1,0
FMP40,0,0,1,0
FLC1,0,1,0,0
MF(ALPHA)1,1,0,1,0
SPT14,0,0,1,0
DAP1,1,1,1,0
ISU1,1,1,1,0
CAR1,0,1,0,0
SSU1,1,1,1,1
RPS9A,0,1,1,0
RGL1,2,2,2,0
ALD6,1,3,3,1
LEE1,0,1,0,0
CAM1,0,1,1,0
PMA2,1,1,1,0
ERG10,0,1,0,0
RMI1,1,2,2,1
CTF19,1,1,1,0
CIP1,0,1,1,0
CHL1,1,1,1,0
PDH1,0,1,1,0
HAA1,0,1,1,0
YME1,0,2,1,0
YOP1,1,1,1,1
CSR2,0,1,1,0
GLN1,1,2,2,1
VMA13,0,1,0,0
SPO24,1,2,2,0
ROX1,1,1,1,0
NOT5,1,0,0,0
DBF20,0,1,1,0
RGC1,1,1,1,0
CTR1,0,1,1,1
CUR1,1,1,1,0
SMX3,0,1,1,0
DPM1,0,1,1,0
AQY1,0,2,2,0
CLN2,0,1,0,0
ATG41,4,4,4,0
RPL36B,2,3,4,0
GRE1,0,0,1,0
CUP9,1,1,1,1
TRE1,0,0,1,0
OYE3,1,1,1,0
YPL162C,1,1,1,0
PRM4,0,1,1,0
KIP2,0,1,1,0
FRK1,0,1,1,0
GIP3,1,1,1,0
RPS6A,1,1,1,0
MOT1,0,1,1,0
YPL068C,2,2,2,0
HTC1,2,2,2,0
SUR1,1,1,1,1
LGE1,0,1,1,0
DIG1,0,1,1,0
EGD1,1,1,1,0
SKS1,1,2,2,1
VTC3,1,1,1,0
IRC15,1,1,1,0
HST2,0,1,1,0
RQC2,1,1,1,0
HAL1,0,1,1,0
MIN8,0,2,1,0
CMR3,1,2,2,1
EAF3,0,2,1,0
APL4,0,1,1,0
YPR063C,1,1,1,0
LTP1,0,1,1,0
RPC40,0,1,1,0
TPO3,0,1,1,0
RPL32,0,1,1,0
KTI11,0,1,1,0
KIP1,0,1,0,0
TOD6,1,1,1,0
ECM13,1,1,1,0
PRE7,0,1,1,0
YBL029W,2,3,2,0
RPL19B,0,1,1,0
ACH1,0,1,1,0
UGA2,1,1,1,0
HHT1,0,1,0,0
YBR016W,0,1,1,0
RKM3,1,2,2,1
EDS1,0,1,0,0
YRO2,1,2,3,0
HSP26,0,0,1,0
ECM33,1,1,1,1
TEC1,2,2,2,1
AAC3,0,1,1,0
RAD16,1,2,1,0
TEF2,0,2,1,0
MEO1,0,1,1,0
ADH5,0,2,2,0
YSY6,0,1,1,0
EXO5,0,1,1,0
YPC1,0,1,0,0
RPL21A,0,1,1,0
MCM7,0,1,0,0
COS111,1,2,2,0
ERV15,0,1,0,0
COQ21,0,1,1,0
VBA2,0,1,0,0
SUL1,0,1,1,0
MAL33,1,1,1,0
SRO77,1,1,1,0
ROX3,0,1,1,0
AAR2,0,1,0,0
RPS8A,0,1,1,0
PRX1,0,1,0,0
YBL055C,1,1,1,0
COR1,1,1,1,0
FUI1,0,1,1,0
PET9,1,2,2,0
YBL029C-A,2,4,3,0
YBL028C,0,1,1,0
DSF2,0,1,1,0
HHF1,0,1,0,0
MNN2,0,1,1,0
CHS3,0,1,0,0
CDS1,1,2,2,1
REB1,0,1,1,0
REG2,1,1,1,0
RFS1,1,1,1,0
NRG2,2,2,2,1
TIP1,1,2,2,0
BAP2,0,1,1,0
SLM4,1,1,1,1
SPT7,0,1,0,0
RPL19A,0,1,1,0
YBR085C-A,1,1,1,1
NHP6B,0,1,0,0
TIM12,0,1,0,0
CYC8,1,2,1,0
TKL2,0,2,1,0
TPS1,0,1,1,0
SUP45,0,1,1,0
TOS1,0,1,1,0
EHT1,1,1,1,1
RPS6B,0,1,1,0
PGI1,1,1,1,0
MIN7,0,1,0,0
PYC2,1,1,1,0
PDB1,0,1,1,0
PCS60,0,1,1,0
OM14,0,1,1,0
YBR238C,0,1,1,0
THI2,0,1,1,0
RGD1,0,0,1,0
TAE1,0,0,1,0
PHO89,0,2,1,0
PGS1,0,1,1,0
RER1,0,0,1,0
SAT4,0,1,1,0
PGK1,0,1,1,0
ELO2,0,1,1,0
ARE1,0,1,0,0
TAH1,0,1,1,0
YCR061W,0,1,1,0
BUD31,1,1,2,0
HCM1,1,1,1,0
HIS4,0,1,1,0
YCL002C,0,0,1,0
CIT2,1,2,2,0
YCR006C,1,2,2,0
ADY2,0,1,1,0
ADP1,0,1,1,0
PMP1,0,2,1,1
RPS14A,0,1,1,0
PHO87,0,0,1,0
YCR043C,0,0,1,0
PER1,0,0,1,0
BUD23,0,1,0,0
PWP2,0,1,1,0
YIH1,0,1,1,0
YCR101C,0,1,1,0
MPH2,0,0,1,0
RTN2,0,0,1,0
SNF3,0,1,0,0
INH1,0,1,1,0
YDL180W,0,1,1,0
RGT2,0,1,0,0
RPL35B,0,2,1,0
LYS21,0,1,1,0
RPP1B,0,1,0,0
YDL129W,0,1,0,0
YDL124W,1,1,1,0
NSE4,0,1,1,0
PMT5,1,1,1,0
SRP14,0,1,1,0
YDL086W,0,2,0,0
RPL31A,0,1,1,0
USO1,0,1,0,0
SIT4,1,3,2,0
GPD1,0,2,1,0
GRX6,0,1,1,0
TRP1,0,1,1,0
GAL3,0,1,1,0
SNQ2,0,2,1,0
RSM10,0,2,2,0
HEM12,1,1,1,0
SNF11,1,2,2,0
SED1,0,2,2,0
GIS1,1,1,1,0
YDR124W,1,1,1,0
ARO1,0,1,0,0
EKI1,1,1,1,1
RPA14,0,1,1,0
HMO1,0,1,0,0
CCT6,0,1,1,0
EBS1,0,0,1,0
MSS4,0,2,1,0
YDR210W,0,1,1,0
UPC2,1,1,1,0
ADR1,1,1,1,0
CRF1,0,0,1,0
HTA1,0,1,1,0
TRS23,0,1,1,0
VHS1,0,2,2,0
BSC2,1,1,1,1
RNH202,0,1,1,0
SUR2,0,1,1,0
BFR2,1,1,1,0
SSF2,1,1,1,0
TRR1,0,1,1,0
TRP4,0,1,1,0
EFT2,0,3,2,0
SAC7,0,1,1,0
PDR15,1,2,1,1
GPI19,0,1,0,0
RPS18A,0,1,1,0
PPN1,1,1,1,0
KRE2,0,1,0,0
IZH1,0,1,0,0
LCD1,1,1,1,0
SMT3,2,2,2,0
SDH7,1,2,2,0
GRX2,0,1,1,0
FPR2,0,0,1,0
SNA2,1,1,1,1
RBA50,1,1,1,1
PRR2,0,1,1,0
NOP6,0,1,1,0
HEM3,0,0,1,0
SCM3,0,1,0,0
CDC48,1,1,1,0
HNT1,2,2,2,0
PHO2,0,1,1,0
QRI7,0,1,0,0
LUC7,0,1,0,0
YDL085C-A,0,2,0,0
THI3,1,1,1,0
RAD59,0,1,0,0
PSA1,0,1,1,0
KNH1,2,2,2,1
STP4,1,2,2,0
BSC1,0,1,1,0
RTK1,0,1,1,0
YDL012C,0,1,1,0
SOK1,0,1,1,0
PST2,0,1,1,0
LYS14,0,1,1,0
RPC11,0,1,0,0
BAP3,1,1,1,0
TPI1,1,1,1,0
IPT1,1,2,2,0
ALT2,0,1,0,0
INO2,1,1,1,0
SAC6,1,1,1,0
SWI5,1,1,1,1
CPR1,0,1,1,0
STB3,1,1,1,1
ARG82,0,1,0,0
SND1,0,1,1,0
UME6,0,3,2,0
HTB1,0,1,1,0
HSP78,0,1,1,0
YAP6,1,1,1,0
SWM1,1,1,1,0
PMP3,0,1,1,0
ATP5,1,1,1,0
GIC2,1,3,2,0
HXT6,2,2,2,2
SDH6,0,1,1,0
ATO3,0,3,2,0
UTP6,0,1,1,0
YHP1,1,1,1,0
PHO8,0,1,0,0
CWC21,0,1,0,0
RIB3,0,1,1,0
PKH1,0,1,0,0
ITR1,2,2,2,2
SEC20,1,1,1,0
SAM2,2,2,2,0
PSP1,0,1,1,0
GNP1,2,2,2,0
EMI1,0,1,1,0
YDR524C-B,1,1,1,1
QCR7,0,0,1,0
YDR541C,0,1,0,0
DSF1,0,1,1,0
IES6,1,1,1,1
UTR2,1,1,1,1
HYP2,2,2,2,0
MCM3,1,1,1,0
TIM9,1,2,2,0
GTT3,0,1,1,0
MNN1,1,2,2,1
TIR1,1,0,0,0
ISC1,1,3,1,0
GPA2,0,1,1,0
PRO3,0,1,1,0
YAT2,0,1,1,0
YER034W,2,3,3,1
EDC2,2,3,3,1
"ARG5,6",0,1,1,0
VTC1,0,1,1,0
ALD5,0,1,1,0
IES5,1,2,2,0
RAD51,0,1,0,0
RPS8B,0,1,0,0
RPL23B,0,1,1,0
RPS26B,0,1,1,0
SPI1,0,0,1,0
OXA1,1,2,2,1
ADK2,0,1,0,0
HXT13,0,1,1,0
SDD1,0,0,1,0
POL5,1,0,0,0
RPL12A,1,0,0,0
GLY1,1,1,1,1
ANP1,1,1,1,0
PMP2,0,1,1,0
AFG3,1,2,1,0
SPC25,1,3,1,0
SBH2,0,1,1,0
CHO1,1,1,1,0
SAH1,1,1,1,1
ERG28,1,1,1,1
HOM3,0,1,0,0
YER053C-A,0,1,1,0
GIP2,0,0,1,0
HIS1,0,1,1,0
FCY2,1,1,1,0
VHR2,0,1,1,0
SBH1,0,0,1,0
DOT6,0,1,1,0
MET6,1,2,2,0
PUP3,0,1,0,0
AST2,0,1,0,0
SLX8,0,1,1,0
COM2,0,1,1,0
YER137C,0,2,1,0
PEA2,0,0,1,0
YER152C,1,2,2,1
PET122,1,2,2,1
YER158C,1,3,2,1
BUR6,1,2,2,1
SLO1,0,0,1,0
STE2,0,1,0,0
BUD27,0,1,1,0
GAT1,1,2,2,1
LOC1,0,0,1,0
NIC96,0,0,1,0
FAB1,0,2,1,0
IRC7,0,1,1,0
GYP8,0,1,0,0
EPL1,0,1,1,0
FRS2,1,2,2,1
GSY1,1,1,1,0
IGD1,0,2,1,0
YFR018C,0,2,1,0
RPL2A,0,2,1,0
QCR6,1,1,1,1
PHO4,1,1,1,1
HXK1,0,1,1,0
ZRT1,0,1,1,0
TAD1,1,1,1,1
"ADE5,7",0,1,1,0
ATG1,0,1,1,0
PEX14,0,1,1,0
SCS3,1,1,1,1
MET13,2,3,3,1
RPS2,0,2,2,0
CDC20,1,1,1,0
SNF4,0,1,1,0
LCL3,0,0,1,0
AFT1,0,1,1,0
PYC1,1,1,2,1
OLE1,0,2,2,0
RIM8,1,1,1,0
PMC1,0,0,1,0
GSC2,1,2,2,0
KSS1,0,1,1,0
TAM41,0,0,1,0
FMP48,1,2,2,1
MUP1,0,1,1,0
ERG25,0,1,1,0
CTT1,0,1,1,0
CLB1,0,1,1,0
YGR122W,0,1,1,0
YGR126W,0,1,1,0
FHN1,1,1,1,0
SKN1,0,1,1,0
GPC1,1,2,2,1
CYS4,0,1,1,0
CHO2,2,2,2,2
YGR161W-C,0,3,2,0
PSD2,0,1,1,0
YCH1,1,2,1,0
ADE3,1,2,1,0
RPS0A,0,1,1,0
YHB1,1,1,1,0
ENO1,1,2,2,1
TNA1,1,1,1,0
YOR1,1,1,1,0
MAL13,1,0,1,0
MTO1,0,1,1,0
STR3,1,1,1,1
RAD54,1,1,1,0
LYS5,0,1,1,0
RPL9A,0,1,1,0
MON1,0,1,1,0
HNM1,1,1,1,1
SDS23,0,2,2,0
MIG1,1,1,1,1
PMA1,1,1,1,1
COG7,0,1,1,0
STF2,0,0,1,0
YGR035C,0,1,1,0
RME1,0,0,1,0
YGR067C,1,3,3,1
PIL1,0,2,2,0
MEP1,0,1,1,0
PPT1,0,1,1,0
YGR130C,1,1,1,0
ECL1,1,1,1,0
RPL24B,1,2,2,1
CCM1,0,1,1,0
GTO1,0,1,1,0
RTS3,0,3,2,0
LSO2,0,1,1,0
ERG1,1,1,1,1
ATF2,1,0,1,0
RNR4,1,2,2,0
TDH3,0,1,1,0
PCT1,1,2,1,0
PHO81,1,2,1,0
KEL2,1,1,1,1
PFK1,0,0,1,0
RIE1,0,1,1,0
RAD2,1,1,1,0
SCW4,0,1,2,0
PXR1,1,1,1,0
IMA1,1,0,1,0
YHL044W,0,0,1,0
EFM1,0,1,0,0
MUP3,0,1,0,0
WSC4,0,1,1,0
RIM4,0,1,0,0
RPS20,0,1,0,0
MRP4,1,1,1,0
OSH7,1,1,1,0
STP2,0,1,1,0
YHR033W,1,2,2,0
NEL1,0,1,0,0
FSH1,0,1,1,0
HTD2,1,1,1,1
PCL5,2,2,2,1
SAM35,1,1,1,0
GRE3,0,1,1,0
EPT1,0,1,1,0
ARO9,0,1,1,0
MPC2,1,1,1,0
SOL3,1,1,1,0
ENO2,0,1,1,0
FMO1,0,0,1,0
ROF1,1,1,1,0
STB5,0,1,1,0
OYE2,1,1,1,0
GND1,0,1,1,0
UTP9,0,1,1,0
MNL1,0,0,1,0
ARN1,0,1,0,0
CBP2,0,1,0,0
GUT1,0,1,1,0
GOS1,0,1,1,0
OCA5,0,1,1,0
NPR3,0,0,1,0
OPI1,2,3,2,1
DUR3,0,1,0,0
STE20,1,1,1,0
SHU1,1,1,1,0
TIM10,0,1,1,0
ERG11,0,2,2,0
SOD2,0,1,2,0
ARG4,0,1,1,0
RPS27B,0,0,1,0
PIH1,0,1,0,0
HXT1,1,1,1,1
HXT5,1,2,2,0
YHR097C,0,1,0,0
YCK1,0,1,1,0
YAP1801,1,1,1,0
PRP8,0,1,1,0
RPS4B,0,0,1,0
SET5,0,0,1,0
OM45,0,1,1,0
POG1,0,2,1,0
RHO3,1,1,1,1
VHR1,1,3,3,1
GPP1,0,2,2,0
MET30,2,2,2,1
ULP2,1,1,1,0
FAF1,0,1,1,0
RPL2B,1,1,1,0
SNL1,0,1,0,0
BAR1,0,1,0,0
FAA3,0,1,1,0
CFD1,0,0,1,0
RPR2,0,1,1,0
YIR016W,0,1,1,0
YAP5,0,0,1,0
TMA108,0,1,1,0
RPL16A,1,1,1,0
CSM2,1,1,1,0
RPI1,1,2,2,1
PRM5,1,0,0,0
XBP1,2,2,2,0
RSM25,0,1,0,0
SER33,0,1,0,0
RGI2,1,3,4,1
YIL055C,0,2,2,0
SYG1,2,2,2,1
NOT3,0,1,0,0
BCY1,1,1,1,0
HIS6,0,1,1,0
MET28,0,0,1,0
YIR042C,0,1,1,0
